{
    "timing_settings": {
        "pressurize_width": 10.0,
        "depressurize_width": 10.0,
        "period_width": 5.0,
        "delay_width": 2.0
    },
    "counter_settings": {
        "pump_count": 0,
        "pressurize_count": 0,
        "depressurize_count": 0
    },
    "plotting_coefficients": {
        "0": 0.0001651526430069147,
        "1": 0.00015,
        "2": 0.00015,
        "3": 0.00015,
        "4": 0.00015,
        "5": 0.00022131002502441408,
        "6": 0.0002186305145147005,
        "8": 2.8,
        "9": 2.85
    },
    "tube_length": 100.0
}