{
    "timing_settings": {
        "pressurize_width": 20.0,
        "depressurize_width": 20.0,
        "period_width": 3.0,
        "delay_width": 1.0
    },
    "counter_settings": {
        "pump_count": 12,
        "pressurize_count": 864,
        "depressurize_count": 898
    },
    "plotting_coefficients": {
        "0": 0.00044262005,
        "1": 0.00015,
        "2": 0.00015,
        "3": 0.00015,
        "4": 0.00015,
        "5": 0.00044262005,
        "6": 0.00044262005,
        "8": 2.8,
        "9": 2.82
    },
    "tube_length": 100.0,
    "theme": "Dark"
}