{
    "timing_settings": {
        "pressurize_width": 10.0,
        "depressurize_width": 10.0,
        "period_width": 5.0,
        "delay_width": 2.0
    },
    "counter_settings": {
        "pump_count": 10,
        "pressurize_count": 632,
        "depressurize_count": 661
    },
    "plotting_coefficients": {
        "0": 0.00044262005,
        "1": 0.00015,
        "2": 0.00015,
        "3": 0.00015,
        "4": 0.00015,
        "5": 0.00044262005,
        "6": 0.00044262005,
        "8": 2.8,
        "9": 2.82
    },
    "tube_length": 100.0,
    "theme": "Dark"
}