{
    "timing_settings": {
        "pressurize_width": 10.0,
        "depressurize_width": 10.0,
        "period_width": 5.0,
        "delay_width": 2.0
    },
    "counter_settings": {
        "pump_count": 10,
        "pressurize_count": 43,
        "depressurize_count": 69
    },
    "plotting_coefficients": {
        "0": 8.416451758231363e-07,
        "1": 0.1,
        "2": 0.1,
        "3": 0.1,
        "4": 0.1,
        "5": 4.2082258791156826e-12,
        "6": 4.2082258791156826e-12,
        "8": 2.8,
        "9": 2.82
    },
    "tube_length": 100.0,
    "theme": "Dark"
}